{
    "ActionSound": "",
    "AutoUnlock": true,
    "Cards": [
        "{\n    \"UnitsInDeck\": 4,\n    \"Card\": \"hitandrun\"\n}",
        "{\n    \"UnitsInDeck\": 4,\n    \"Card\": \"barrier\"\n}",
        "{\n    \"UnitsInDeck\": 2,\n    \"Card\": \"blur\"\n}",
        "{\n    \"UnitsInDeck\": 2,\n    \"Card\": \"dispelmagic\"\n}",
        "{\n    \"UnitsInDeck\": 1,\n    \"Card\": \"songofcelerity\"\n}",
        "{\n    \"UnitsInDeck\": 1,\n    \"Card\": \"protectfromevil\"\n}",
        "{\n    \"UnitsInDeck\": 1,\n    \"Card\": \"bunnybunnyhopping\"\n}"
    ],
    "ChallengePack0": "protector",
    "ChallengePack1": "bard",
    "ChallengePack2": "friar",
    "ChallengePack3": "devotee",
    "ChallengePack4": "ninja",
    "ChallengePack5": "skald",
    "ChallengePack6": "rogue",
    "CharacterDescription": "Monty is the leader of the great white rabbits. Fearsome and neverending, they consume all. But simply eating everything and everyone around you can get boring from time to time. So sometimes Monty likes to take a holiday and fight those he doesn't like. This time he chose to join up with you.",
    "CharacterDescriptionStrength": "A Scout/Healer hybrid specializing in Buffer, Shield, and Evasion",
    "CharacterName": "Monty",
    "Energy": 1,
    "EnergyTurn": 3,
    "Female": false,
    "FluffOffsetX": 0,
    "FluffOffsetY": 3.40000009536743,
    "HeroClass": "scout",
    "HeroClassSecondary": "healer",
    "HitSound": "",
    "HP": 70,
    "ID": "bunny",
    "Item": "bunnyfluffycoat",
    "MaxHP": [
        0,
        5,
        5,
        5,
        5
    ],
    "OrderInList": 5,
    "ResistSlashing": 0,
    "ResistBlunt": 5,
    "ResistPiercing": 5,
    "ResistFire": -5,
    "ResistCold": 15,
    "ResistLightning": 10,
    "ResistHoly": 10,
    "ResistShadow": 15,
    "ResistMind": 5,
    "Speed": 11,
    "SpriteBorderLocked": "montySilueta",
    "StickerBase": "",
    "StickerAngry": "",
    "StickerIndifferent": "",
    "StickerLove": "",
    "StickerSurprise": "",
    "StickerOffsetX": 0.100000001490116,
    "SubclassName": "Bunny",
    "Trait0": "bunnytrait0",
    "Trait1A": "bunnytrait1a",
    "Trait1B": "bunnytrait1b",
    "Trait2A": "bunnytrait2a",
    "Trait2B": "bunnytrait2b",
    "Trait3A": "bunnytrait3a",
    "Trait3B": "bunnytrait3b",
    "Trait4A": "bunnytrait4a",
    "Trait4B": "bunnytrait4b",
    "CardsSingularity": [
        "bunnybunnyhopping",
        "hitandrun",
        "barrier",
        "blur",
        "dispelmagic",
        "songofcelerity",
        "protectfromevil",
        "shiv",
        "detoxify",
        "anthemofhope",
        "prayerofprotection",
        "shieldofwarding",
        "stoneskin",
        "chantofinitiative",
        "vigilance"
    ]
}